,case,date,url
0,"Harbour Portfolio Advisors, LLC; National Asset Advisors, LLC; and National Asset Mortgage, LLC","JUN 23, 2020",https://www.consumerfinance.gov/policy-compliance/enforcement/actions/harbour-portfolio-advisors-llc-et-al/
1,"Main Street Personal Finance, Inc., ACAC, Inc. d/b/a Approved Cash Advance, and Quik Lend, Inc.","JUN 02, 2020",https://www.consumerfinance.gov/policy-compliance/enforcement/actions/main-street-et-al/
2,"Commonwealth Equity Group, LLC (d/b/a Key Credit Repair); Nikitas Tsoukales (a/k/a Nikitas Tsoukalis)","MAY 22, 2020",https://www.consumerfinance.gov/policy-compliance/enforcement/actions/commonwealth-equity-group-dba-key-credit-repair-nikitas-tsoukales/
3,"Specialized Loan Servicing, LLC","MAY 11, 2020",https://www.consumerfinance.gov/policy-compliance/enforcement/actions/specialized-loan-servicing-llc/
4,"Cottonwood Financial, Ltd., d/b/a Cash Store","APR 01, 2020",https://www.consumerfinance.gov/policy-compliance/enforcement/actions/cottonwood-financial-ltd/
5,"Fifth Third Bank, National Association","MAR 09, 2020",https://www.consumerfinance.gov/policy-compliance/enforcement/actions/fifth-third-bank-national-association/
6,"Candy Kern-Fuller, Howard Sutter III, and Upstate Law Group LLC","FEB 20, 2020",https://www.consumerfinance.gov/policy-compliance/enforcement/actions/candy-kern-fuller-howard-sutter-iii-and-upstate-law-group-llc/
7,"Citizens Bank, N.A.","JAN 30, 2020",https://www.consumerfinance.gov/policy-compliance/enforcement/actions/citizens-bank/
8,"Monster Loans, Lend Tech Loans, and Student Loan Debt Relief Companies","JAN 09, 2020",https://www.consumerfinance.gov/policy-compliance/enforcement/actions/monster-loans-lend-tech-loans-and-associated-student-loan-debt-relief-companies/
9,"Edmiston Marketing, LLC d/b/a Easy Military Travel, Brandon Edmiston","NOV 25, 2019",https://www.consumerfinance.gov/policy-compliance/enforcement/actions/edmiston-et-al/
10,"USA Service Finance, LLC","NOV 25, 2019",https://www.consumerfinance.gov/policy-compliance/enforcement/actions/usa-service-finance-llc/
11,"Sterling Infosystems, Inc.","NOV 22, 2019",https://www.consumerfinance.gov/policy-compliance/enforcement/actions/sterling-infosystems-inc/
12,"Consumer Advocacy Center Inc., d/b/a Premier Student Loan Center; True Count Staffing Inc., d/b/a SL Account Management; Prime Consulting LLC, d/b/a Financial Preparation Services; Albert Kim; Kaine Wen; and Tuong Nguyen","OCT 21, 2019",https://www.consumerfinance.gov/policy-compliance/enforcement/actions/premier-student-loan-center-et-al/
13,"Katharine Snyder, Performance Arbitrage Company, Inc., and Life Funding Options, Inc.","OCT 01, 2019",https://www.consumerfinance.gov/policy-compliance/enforcement/actions/snyder-et-al/
14,"FCO Holding, Inc., Fair Collections & Outsourcing, Inc., Fair Collections & Outsourcing of New England, Inc., FCO Worldwide, Inc. and Michael E. Sobota","SEP 25, 2019",https://www.consumerfinance.gov/policy-compliance/enforcement/actions/fco-and-sobota/
15,"Certified Forensic Loan Auditors, LLC, Andrew Lehman, and Michael Carrigan","SEP 06, 2019",https://www.consumerfinance.gov/policy-compliance/enforcement/actions/certified-forensic-loan-auditors-llc-andrew-lehman-michael-carrigan/
16,"Asset Recovery Associates, Inc.","AUG 28, 2019",https://www.consumerfinance.gov/policy-compliance/enforcement/actions/asset-recovery-associates-inc/
17,Maxitransfers Corporation,"AUG 27, 2019",https://www.consumerfinance.gov/policy-compliance/enforcement/actions/maxitransfers-corporation/
18,"Andrew Gamber, Voyager Financial Group, LLC, BAIC, Inc., SoBell Corp","AUG 14, 2019",https://www.consumerfinance.gov/policy-compliance/enforcement/actions/andrew-gamber-voyager-financial-group-llc-baic-inc-sobell-corp/
19,"ITT Educational Services, Inc.","AUG 12, 2019",https://www.consumerfinance.gov/policy-compliance/enforcement/actions/itt-educational-services/
20,"Equifax, Inc.","JUL 22, 2019",https://www.consumerfinance.gov/policy-compliance/enforcement/actions/equifax-inc/
21,"Freedom Debt Relief, LLC and Andrew Housser","JUL 09, 2019",https://www.consumerfinance.gov/policy-compliance/enforcement/actions/freedom-debt-relief-llc-and-andrew-housser/
22,"Student CU Connect CUSO, LLC","JUN 14, 2019",https://www.consumerfinance.gov/policy-compliance/enforcement/actions/student-cu-connect-cuso-llc/
23,Freedom Mortgage Corporation,"JUN 05, 2019",https://www.consumerfinance.gov/policy-compliance/enforcement/actions/freedom-mortgage-corporation/
24,"Servis One, Inc., d/b/a BSI Financial Services","MAY 29, 2019",https://www.consumerfinance.gov/policy-compliance/enforcement/actions/servis-one-inc-db-bsi-financial-services/
25,"Forster & Garbus, LLP","MAY 17, 2019",https://www.consumerfinance.gov/policy-compliance/enforcement/actions/forster-garbus-llp/
26,"PGX Holdings, Inc.","MAY 02, 2019",https://www.consumerfinance.gov/policy-compliance/enforcement/actions/pgx-holdings-inc/
27,"Conduent Education Services, LLC","MAY 01, 2019",https://www.consumerfinance.gov/policy-compliance/enforcement/actions/conduent-education-services-llc/
28,Cash Tyme,"FEB 05, 2019",https://www.consumerfinance.gov/policy-compliance/enforcement/actions/cash-tyme/
29,"NDG Financial Corp., Northway Financial Corp., Ltd., Northway Broker, Ltd. Et al.","FEB 01, 2019",https://www.consumerfinance.gov/policy-compliance/enforcement/actions/northway-financial-corporation-aka-ndg-enterprise/
30,"Enova International, Inc.","JAN 25, 2019",https://www.consumerfinance.gov/policy-compliance/enforcement/actions/enova-international-inc/
31,Mark Corbett,"JAN 23, 2019",https://www.consumerfinance.gov/policy-compliance/enforcement/actions/mark-corbett/
32,"Sterling Jewelers, Inc.","JAN 16, 2019",https://www.consumerfinance.gov/policy-compliance/enforcement/actions/sterling-jewelers-inc/
33,USAA Federal Savings Bank,"JAN 03, 2019",https://www.consumerfinance.gov/policy-compliance/enforcement/actions/usaa-federal-savings-bank/
34,"State Farm Bank, FSB","DEC 06, 2018",https://www.consumerfinance.gov/policy-compliance/enforcement/actions/state-farm-bank-fsb/
35,"Village Capital and Investment, LLC","DEC 04, 2018",https://www.consumerfinance.gov/policy-compliance/enforcement/actions/village-capital-and-investment-llc/
36,"Santander Consumer USA, Inc.","NOV 20, 2018",https://www.consumerfinance.gov/policy-compliance/enforcement/actions/santander-consumer-usa-inc/
37,"Cash Express, LLC","OCT 24, 2018",https://www.consumerfinance.gov/policy-compliance/enforcement/actions/cash-express-llc/
38,"Bluestem Brands, Inc.; Bluestem Enterprises, Inc.; and Bluestem Sales, Inc., also doing business as Fingerhut and Gettington.com","OCT 04, 2018",https://www.consumerfinance.gov/policy-compliance/enforcement/actions/bluestem-brands-inc/
39,"Future Income Payments, LLC","SEP 13, 2018",https://www.consumerfinance.gov/policy-compliance/enforcement/actions/future-income-payments-llc/
40,"Triton Management Group, Inc.","JUL 19, 2018",https://www.consumerfinance.gov/policy-compliance/enforcement/actions/triton-management-group-inc/
41,"National Credit Adjusters, LLC  and Bradley Hochstein","JUL 13, 2018",https://www.consumerfinance.gov/policy-compliance/enforcement/actions/national-credit-adjusters-llc-and-bradley-hochstein/
42,"Citibank, N.A.","JUN 29, 2018",https://www.consumerfinance.gov/policy-compliance/enforcement/actions/citibank-na-2018/
43,"Security Group, Inc., Security Finance Corporation of Spartanburg, Professional Financial Services Corp., et al.","JUN 13, 2018",https://www.consumerfinance.gov/policy-compliance/enforcement/actions/security-group-inc/
44,"Wells Fargo Bank, N.A.","APR 20, 2018",https://www.consumerfinance.gov/policy-compliance/enforcement/actions/wells-fargo-bank-na-2018/
45,"Citibank, N.A.","NOV 21, 2017",https://www.consumerfinance.gov/policy-compliance/enforcement/actions/citibank-na-student-loan-servicing/
46,"Conduent Business Services, LLC","NOV 20, 2017",https://www.consumerfinance.gov/policy-compliance/enforcement/actions/conduent-business-services-llc/
47,"Think Finance, LLC","NOV 15, 2017",https://www.consumerfinance.gov/policy-compliance/enforcement/actions/think-finance-llc-formerly-known-think-finance-inc/
48,"Tempo Venture, Inc., d/b/a Culpeper Pawnbroker","OCT 17, 2017",https://www.consumerfinance.gov/policy-compliance/enforcement/actions/tempo-venture-inc-db-culpeper-pawnbroker/
49,"Federal Debt Assistance Association, LLC, Financial Document Assistance Administration, Inc., Clear Solutions, Inc., Robert Pantoulis, David Piccione, and Vincent Piccione","OCT 12, 2017",https://www.consumerfinance.gov/policy-compliance/enforcement/actions/federal-debt-assistance-association-llc-financial-document-assistance-administration-inc-clear-solutions-inc-robert-pantoulis-david-piccione-and-vincent-piccione/
50,Meridian Title Corporation,"SEP 27, 2017",https://www.consumerfinance.gov/policy-compliance/enforcement/actions/meridian-title-corporation/
51,"Top Notch Funding II, LLC, Rory Donadio, and John “Gene” Cavalli","SEP 19, 2017",https://www.consumerfinance.gov/policy-compliance/enforcement/actions/top-notch-funding-ii-llc-rory-donadio-and-john-gene-cavalli/
52,"National Collegiate Student Loan Trusts and Transworld Systems, Inc.","SEP 18, 2017",https://www.consumerfinance.gov/policy-compliance/enforcement/actions/national-collegiate-student-loan-trusts-and-transworld-systems-inc/
53,"Zero Parallel, LLC","SEP 06, 2017",https://www.consumerfinance.gov/policy-compliance/enforcement/actions/zero-parallel-llc/
54,"American Express Centurion Bank and American Express Bank, FSB","AUG 23, 2017",https://www.consumerfinance.gov/policy-compliance/enforcement/actions/american-express-centurion-bank-and-american-express-bank-fsb/
55,"Aequitas Capital Management, Inc., et al.","AUG 17, 2017",https://www.consumerfinance.gov/policy-compliance/enforcement/actions/aequitas-capital-management-inc-et-al/
56,"JPMorgan Chase Bank, N.A.","AUG 02, 2017",https://www.consumerfinance.gov/policy-compliance/enforcement/actions/jpmorgan-chase-bank-na/
57,"Prime Credit, L.L.C., IMC Capital, L.L.C., Commercial Credit Consultants, Blake Johnson, Eric Schlegel, Park View Law, and Arthur Barens","JUN 27, 2017",https://www.consumerfinance.gov/policy-compliance/enforcement/actions/prime-credit-llc-imc-capital-llc-commercial-credit-consultants-blake-johnson-eric-schlegel-park-view-law-and-arthur-barens/
58,"Fay Servicing, LLC","JUN 07, 2017",https://www.consumerfinance.gov/policy-compliance/enforcement/actions/fay-servicing-llc/
59,"Golden Valley Lending, Inc., Silver Cloud Financial, Inc., Mountain Summit Financial, Inc., and Majestic Lake Financial, Inc.","APR 27, 2017",https://www.consumerfinance.gov/policy-compliance/enforcement/actions/golden-valley-lending-inc-silver-cloud-financial-inc-mountain-summit-financial-inc-and-majestic-lake-financial-inc/
60,"Security National Automotive Acceptance Company, LLC","APR 26, 2017",https://www.consumerfinance.gov/policy-compliance/enforcement/actions/security-national-automotive-acceptance-company-llc/
61,"Ocwen Financial Corporation, Ocwen Mortgage Servicing, Inc., and Ocwen Loan Servicing, LLC","APR 20, 2017",https://www.consumerfinance.gov/policy-compliance/enforcement/actions/ocwen-financial-corporation-ocwen-mortgage-servicing-inc-and-ocwen-loan-servicing-llc/
62,"Weltman, Weinberg & Reis Co., L.P.A.","APR 17, 2017",https://www.consumerfinance.gov/policy-compliance/enforcement/actions/weltman-weinberg-reis-co-lpa/
63,"Experian Holdings, Inc., Experian Information Solutions, Inc., and ConsumerInfo.com, Inc., dba Experian Consumer Services","MAR 23, 2017",https://www.consumerfinance.gov/policy-compliance/enforcement/actions/experian-holdings-inc-experian-information-solutions-inc-and-consumerinfocom-inc-dba-experian-consumer-services/
64,Nationstar Mortgage LLC,"MAR 15, 2017",https://www.consumerfinance.gov/policy-compliance/enforcement/actions/nationstar-mortgage-llc/
65,TCF National Bank,"MAR 01, 2017",https://www.consumerfinance.gov/policy-compliance/enforcement/actions/tcf-national-bank/
66,"RD Legal Funding, LLC, RD Legal Finance, LLC, and RD Legal Funding Partners, LP, and Roni Dersovitz","FEB 07, 2017",https://www.consumerfinance.gov/policy-compliance/enforcement/actions/rd-legal-funding-llc-rd-legal-finance-llc-and-rd-legal-funding-partners-lp-and-roni-dersovitz/
67,"Woodbridge Coins and Jewelry Exchange, Inc. d/b/a Woodbridge Gold & Pawn","FEB 02, 2017",https://www.consumerfinance.gov/policy-compliance/enforcement/actions/woodbridge-coins-and-jewelry-exchange-inc-db-woodbridge-gold-pawn/
68,UniRush LLC and Mastercard International Incorporated,"FEB 01, 2017",https://www.consumerfinance.gov/policy-compliance/enforcement/actions/unirush-llc-and-mastercard-international-incorporated/
69,Prospect Mortgage LLC,"JAN 31, 2017",https://www.consumerfinance.gov/policy-compliance/enforcement/actions/prospect-mortgage-llc/
70,"Planet Home Lending, LLC","JAN 31, 2017",https://www.consumerfinance.gov/policy-compliance/enforcement/actions/planet-home-lending-llc/
71,"Willamette Legacy, LLC dba Keller Williams Mid-Willamette","JAN 31, 2017",https://www.consumerfinance.gov/policy-compliance/enforcement/actions/willamette-legacy-llc-dba-keller-williams-mid-willamette/
72,"RGC Services, Inc. dba Re/Max Gold Coast Realtors","JAN 31, 2017",https://www.consumerfinance.gov/policy-compliance/enforcement/actions/rgc-services-inc-dba-remax-gold-coast-realtors/
73,"Vincent Howard, Lawrence W. Williamson, Howard Law, P.C., The Williamson Law Firm, LLC, and Williamson & Howard, LLP","JAN 30, 2017",https://www.consumerfinance.gov/policy-compliance/enforcement/actions/vincent-howard-lawrence-w-williamson-howard-law-pc-williamson-law-firm-llc-and-williamson-howard-llp/
74,"CitiMortgage, Inc.","JAN 23, 2017",https://www.consumerfinance.gov/policy-compliance/enforcement/actions/citimortgage-inc/
75,"CitiFinancial Servicing, LLC (DE), CitiFinancial Company (DE), CitiFinancial Services, Inc. (MN), and CitiFinancial, Inc. (WV)","JAN 23, 2017",https://www.consumerfinance.gov/policy-compliance/enforcement/actions/citifinancial-servicing-llc-de-citifinancial-company-de-citifinancial-services-inc-mn-and-citifinancial-inc-wv/
76,"Navient Corporation, Navient Solutions, Inc. and Pioneer Credit Recovery, Inc.","JAN 18, 2017",https://www.consumerfinance.gov/policy-compliance/enforcement/actions/navient-corporation-navient-solutions-inc-and-pioneer-credit-recovery-inc/
77,"Works & Lentz, Inc.; Works & Lentz of Tulsa, Inc., and Harry A. Lentz, Jr.","JAN 09, 2017",https://www.consumerfinance.gov/policy-compliance/enforcement/actions/works-lentz-inc/
78,Equifax Inc. and Equifax Consumer Services LLC,"JAN 03, 2017",https://www.consumerfinance.gov/policy-compliance/enforcement/actions/equifax-inc-and-equifax-consumer-services-llc/
79,"TransUnion Interactive, Inc., TransUnion, LLC, and TransUnion","JAN 03, 2017",https://www.consumerfinance.gov/policy-compliance/enforcement/actions/transunion-interactive-inc-transunion-llc-and-transunion/
80,Military Credit Services LLC,"DEC 20, 2016",https://www.consumerfinance.gov/policy-compliance/enforcement/actions/military-credit-services-llc/
81,"A To Z Pawn, Inc.","DEC 19, 2016",https://www.consumerfinance.gov/policy-compliance/enforcement/actions/a-to-z-pawn-inc/
82,"Pawn U.S.A., Inc.","DEC 19, 2016",https://www.consumerfinance.gov/policy-compliance/enforcement/actions/pawn-usa-inc/
83,"Fredericksburg Gold & Pawn, Inc.","DEC 19, 2016",https://www.consumerfinance.gov/policy-compliance/enforcement/actions/fredericksburg-gold-pawn-inc/
84,"Spotsylvania Gold & Pawn, Inc.","DEC 19, 2016",https://www.consumerfinance.gov/policy-compliance/enforcement/actions/spotsylvania-gold-pawn-inc/
85,"Moneytree, Inc.","DEC 16, 2016",https://www.consumerfinance.gov/policy-compliance/enforcement/actions/moneytree-inc/
86,American Advisors Group,"DEC 07, 2016",https://www.consumerfinance.gov/policy-compliance/enforcement/actions/american-advisors-group/
87,"Reverse Mortgage Solutions, Inc. d/b/a Security 1 Lending","DEC 07, 2016",https://www.consumerfinance.gov/policy-compliance/enforcement/actions/reverse-mortgage-solutions-inc-db-security-1-lending/
88,"Aegean Financial d/b/a Aegean Financial, Inc., Reverse Mortgage Professionals, Jubilados Financial, Newport Lending Reverse Mortgage, Promise Land Lending, Reverse Financial Group, and Reverse Mortgage Information Center","DEC 07, 2016",https://www.consumerfinance.gov/policy-compliance/enforcement/actions/aegean-financial/
89,"Access Funding, LLC, Access Holding, LLC, Reliance Funding, LLC, Lee Jundanian, Raffi Boghosian, Michael Borkowski, and Charles Smith","NOV 21, 2016",https://www.consumerfinance.gov/policy-compliance/enforcement/actions/access-funding-llc-access-holding-llc-reliance-funding-llc-lee-jundanian-raffi-boghosian-michael-borkowski-charles-smith/
90,"B&B Pawnbrokers, Inc.","NOV 03, 2016",https://www.consumerfinance.gov/policy-compliance/enforcement/actions/bb-pawnbrokers-inc/
91,"Northern Resolution Group, LLC, Douglas MacKinnon, Mark Gray, Enhanced Acquisitions, LLC, and Delray Capital, LLC,","NOV 02, 2016",https://www.consumerfinance.gov/policy-compliance/enforcement/actions/northern-resolution-group-llc-douglas-mackinnon-mark-gray-enhanced-acquisitions-llc-and-delray-capital-llc/
92,Navy Federal Credit Union,"OCT 11, 2016",https://www.consumerfinance.gov/policy-compliance/enforcement/actions/navy-federal-credit-union/
93,"Flurish, Inc., d/b/a LendUp","SEP 27, 2016",https://www.consumerfinance.gov/policy-compliance/enforcement/actions/flurish-inc-db-lendup/
94,TMX Finance LLC,"SEP 26, 2016",https://www.consumerfinance.gov/policy-compliance/enforcement/actions/tmx-finance-llc/
95,"Prime Marketing Holdings, LLC","SEP 22, 2016",https://www.consumerfinance.gov/policy-compliance/enforcement/actions/prime-marketing-holdings-llc/
96,"Auto Cash Leasing, LLC","SEP 20, 2016",https://www.consumerfinance.gov/policy-compliance/enforcement/actions/auto-cash-leasing-llc/
97,"Interstate Lending, LLC","SEP 20, 2016",https://www.consumerfinance.gov/policy-compliance/enforcement/actions/interstate-lending-llc/
98,"Oasis Title Loans, LLC","SEP 20, 2016",https://www.consumerfinance.gov/policy-compliance/enforcement/actions/oasis-title-loans-llc/
99,"Phoenix Title Loans, LLC","SEP 20, 2016",https://www.consumerfinance.gov/policy-compliance/enforcement/actions/phoenix-title-loans-llc/
100,"Presto Auto Loans, Inc.","SEP 20, 2016",https://www.consumerfinance.gov/policy-compliance/enforcement/actions/presto-auto-loans-inc/
101,"Bridgepoint Education, Inc.","SEP 12, 2016",https://www.consumerfinance.gov/policy-compliance/enforcement/actions/bridgepoint-education-inc/
102,"Wells Fargo Bank, N.A.","SEP 08, 2016",https://www.consumerfinance.gov/policy-compliance/enforcement/actions/wells-fargo-bank-2016/
103,First National Bank of Omaha,"AUG 25, 2016",https://www.consumerfinance.gov/policy-compliance/enforcement/actions/first-national-bank-omaha/
104,"Wells Fargo Bank, N.A.","AUG 22, 2016",https://www.consumerfinance.gov/policy-compliance/enforcement/actions/wells-fargo-bank-n/
105,"Santander Bank, N.A.","JUL 14, 2016",https://www.consumerfinance.gov/policy-compliance/enforcement/actions/santander-bank-n/
106,United States of America and Consumer Financial Protection Bureau v. BancorpSouth Bank,"JUN 29, 2016",https://www.consumerfinance.gov/policy-compliance/enforcement/actions/united-states-america-and-consumer-financial-protection-bureau-v-bancorpsouth-bank/
107,"Intercept Corporation, d/b/a InterceptEFT, Bryan Smith, and Craig Dresser","JUN 06, 2016",https://www.consumerfinance.gov/policy-compliance/enforcement/actions/intercept-corporation-db-intercepteft-bryan-smith-and-craig-dresser/
108,David Eghbali,"MAY 26, 2016",https://www.consumerfinance.gov/policy-compliance/enforcement/actions/david-eghbali/
109,"All American Check Cashing, Inc., Mid-State Finance, Inc. (d/b/a Thrifty Check Advance), and Michael Gray","MAY 11, 2016",https://www.consumerfinance.gov/policy-compliance/enforcement/actions/all-american-check-cashing-inc-mid-state-finance-inc-db-thrifty-check-advance-and-michael-gray/
110,"Pressler & Pressler, LLP, Sheldon H. Pressler, and Gerard J. Felt","APR 25, 2016",https://www.consumerfinance.gov/policy-compliance/enforcement/actions/pressler-pressler-llp-sheldon-h-pressler-and-gerard-j-felt/
111,"New Century Financial Services, Inc.","APR 25, 2016",https://www.consumerfinance.gov/policy-compliance/enforcement/actions/new-century-financial-services-inc/
112,Dmitry Fomichev,"APR 21, 2016",https://www.consumerfinance.gov/policy-compliance/enforcement/actions/dmitry-fomichev/
113,"Davit Gasparyan, a/k/a David Gasparyan","APR 21, 2016",https://www.consumerfinance.gov/policy-compliance/enforcement/actions/davit-gasparyan-k-david-gasparyan/
114,"Student Aid Institute, Steven Lamont","MAR 30, 2016",https://www.consumerfinance.gov/policy-compliance/enforcement/actions/student-aid-institute-steven-lamont/
115,"Dwolla, Inc.","MAR 02, 2016",https://www.consumerfinance.gov/policy-compliance/enforcement/actions/dwolla/
116,"Citibank, N.A.","FEB 23, 2016",https://www.consumerfinance.gov/policy-compliance/enforcement/actions/citibank/
117,"Citibank, N.A., Department Stores National Bank, and CitiFinancial Servicing, LLC","FEB 23, 2016",https://www.consumerfinance.gov/policy-compliance/enforcement/actions/citibank-department-stores-national-bank-citifinancial-servicing/
118,"Solomon & Solomon, P.C.","FEB 23, 2016",https://www.consumerfinance.gov/policy-compliance/enforcement/actions/solomon-and-solomon/
119,"Faloni & Associates, LLC","FEB 23, 2016",https://www.consumerfinance.gov/policy-compliance/enforcement/actions/faloni-associates/
120,Toyota Motor Credit Corporation,"FEB 02, 2016",https://www.consumerfinance.gov/policy-compliance/enforcement/actions/toyota-motor-credit-corporation/
121,"Y King S Corp., d/b/a Herbies Auto Sales","JAN 21, 2016",https://www.consumerfinance.gov/policy-compliance/enforcement/actions/y-king-s-corp-db-herbies-auto-sales/
122,"Interstate Auto Group, Inc. aka. CarHop, and Universal Acceptance Corporation","DEC 17, 2015",https://www.consumerfinance.gov/policy-compliance/enforcement/actions/interstate-auto-group-carhop-universal-acceptance-corporation/
123,Eric V. Sancho d/b/a Lead Publisher,"DEC 17, 2015",https://www.consumerfinance.gov/policy-compliance/enforcement/actions/eric-sancho-lead-publisher/
124,"D and D Marketing, Inc., d/b/a T3Leads, Grigor Demirchyan, and Marina Demirchyan","DEC 17, 2015",https://www.consumerfinance.gov/policy-compliance/enforcement/actions/d-and-d-marketing-inc-dba-t3leads-grigor-demirchyan-and-marina-demirchyan/
125,"EZCORP, Inc.,Texas EZPAWN, L.P.,Texas  EZMONEY, L.P. et al.","DEC 16, 2015",https://www.consumerfinance.gov/policy-compliance/enforcement/actions/ezcorp/
126,"Collecto, Inc. d/b/a EOS CCA","DEC 07, 2015",https://www.consumerfinance.gov/policy-compliance/enforcement/actions/collecto/
127,"Clarity Services, Inc., and Timothy Ranney","DEC 03, 2015",https://www.consumerfinance.gov/policy-compliance/enforcement/actions/clarity-services/
128,"Integrity Advance, LLC and James R. Carnes","NOV 18, 2015",https://www.consumerfinance.gov/policy-compliance/enforcement/actions/integrity-advance/
129,"Hudson City Savings Bank, F.S.B.","NOV 04, 2015",https://www.consumerfinance.gov/policy-compliance/enforcement/actions/hudson-city-savings-bank-fsb/
130,"Global Financial Support, Inc. d/b/a Student Financial Resource Center, d/b/a College Financial Advisory; and Armond Aria a/k/a Armond Amir Aria","OCT 29, 2015",https://www.consumerfinance.gov/policy-compliance/enforcement/actions/student-financial-resource-center-college-financial-advisory/
131,"General Information Services, Inc., and e-Backgroundchecks.com, Inc.","OCT 29, 2015",https://www.consumerfinance.gov/policy-compliance/enforcement/actions/general-information-services/
132,"Westlake Services, LLC, d/b/a Westlake Financial Services. LLC, and Wilshire Consumer Credit, LLC, d/b/a as Wilshire Commercial Capital, LLC","SEP 30, 2015",https://www.consumerfinance.gov/policy-compliance/enforcement/actions/westlake-services-llc-dba-westlake-financial-services-llc/
133,Fifth Third Bank,"SEP 28, 2015",https://www.consumerfinance.gov/policy-compliance/enforcement/actions/fifth-third/
134,Fifth Third Bank (Credit Cards Add-Ons),"SEP 28, 2015",https://www.consumerfinance.gov/policy-compliance/enforcement/actions/fifth-third-bank-2/
135,"Encore Capital Group, Inc., Midland Funding, LLC, Midland Credit Management, Inc. and Asset Acceptance Capital Corp.,","SEP 09, 2015",https://www.consumerfinance.gov/policy-compliance/enforcement/actions/encore/
136,"Portfolio Recovery Associates, LLC","SEP 09, 2015",https://www.consumerfinance.gov/policy-compliance/enforcement/actions/portfolio-recovery-associates/
137,"Pension Funding, LLC; Pension Income, LLC; Steven Covey; Edwin Lichtig; and Rex Hofelter","AUG 20, 2015",https://www.consumerfinance.gov/policy-compliance/enforcement/actions/pension-advance-companies/
138,"Springstone Financial, LLC","AUG 19, 2015",https://www.consumerfinance.gov/policy-compliance/enforcement/actions/springstone-financial/
139,"Orion Processing, LLC d/b/a World Law Processing, World Credit Repair and World Law Debt et al.","AUG 17, 2015",https://www.consumerfinance.gov/policy-compliance/enforcement/actions/orion-processing-world-law/
140,"RBS Citizens Financial Group, Inc. ( N/K/A) Citizens Financial Group, Inc.), RBS Citizens, N.A. ( N/K/A Citizens Bank, N.A.), and Citizens Bank of Pennsylvania","AUG 12, 2015",https://www.consumerfinance.gov/policy-compliance/enforcement/actions/citizens-financial-group/
141,"Residential Credit Solutions, Inc.","JUL 30, 2015",https://www.consumerfinance.gov/policy-compliance/enforcement/actions/residential-credit-solutions/
142,"Paymap, Inc.","JUL 28, 2015",https://www.consumerfinance.gov/policy-compliance/enforcement/actions/paymap/
143,LoanCare LLC.,"JUL 28, 2015",https://www.consumerfinance.gov/policy-compliance/enforcement/actions/loancare-servicing/
144,"Student Financial Aid Services, Inc.","JUL 23, 2015",https://www.consumerfinance.gov/policy-compliance/enforcement/actions/student-financial-aid-services-fafsa-com/
145,"Discover Bank, the Student Loan Corporation, and Discover Products, Inc.","JUL 22, 2015",https://www.consumerfinance.gov/policy-compliance/enforcement/actions/discover-bank-student-loan-corporation-discover-products/
146,"Citibank, N.A.; Department Stores National Bank; and Citicorp Credit Services, Inc. (USA)","JUL 21, 2015",https://www.consumerfinance.gov/policy-compliance/enforcement/actions/citi-credit-card-add-ons/
147,American Honda Finance Corporation,"JUL 14, 2015",https://www.consumerfinance.gov/policy-compliance/enforcement/actions/american-honda-finance-corporation/
148,"Chase Bank, USA N.A. and Chase BankCard Services, Inc.","JUL 08, 2015",https://www.consumerfinance.gov/policy-compliance/enforcement/actions/jp-morgan-chase-debt-collection/
149,"Intersections, Inc.","JUL 01, 2015",https://www.consumerfinance.gov/policy-compliance/enforcement/actions/intersections/
150,"Affinion Group Holdings, Inc., Affinion Group Inc., Affinion Group, LLC, et al.","JUL 01, 2015",https://www.consumerfinance.gov/policy-compliance/enforcement/actions/affinion/
151,"Syndicated Office Systems, LLC, d/b/a Central Financial Control","JUN 18, 2015",https://www.consumerfinance.gov/policy-compliance/enforcement/actions/syndicated-office-systems/
152,"Security National Automotive Acceptance Company, LLC.","JUN 17, 2015",https://www.consumerfinance.gov/policy-compliance/enforcement/actions/security-national-automotive-acceptance-company/
153,Guarantee Mortgage Corporation,"JUN 05, 2015",https://www.consumerfinance.gov/policy-compliance/enforcement/actions/guarantee-mortgage/
154,"RPM Mortgage, Inc. and Erwin Robert Hirt","JUN 04, 2015",https://www.consumerfinance.gov/policy-compliance/enforcement/actions/rpm-mortgage/
155,"Provident Funding Associates, L.P.","MAY 28, 2015",https://www.consumerfinance.gov/policy-compliance/enforcement/actions/provident-funding-associates-lp/
156,"PayPal, Inc. and Bill Me Later, Inc.","MAY 19, 2015",https://www.consumerfinance.gov/policy-compliance/enforcement/actions/bill-me-later-paypal/
157,Cellco Partnership d/ba/ Verizon Wireless,"MAY 12, 2015",https://www.consumerfinance.gov/policy-compliance/enforcement/actions/verizon-wireless/
158,"Nationwide Biweekly Administration, Inc., Loan Payment Administration LLC, and Daniel S. Lipsky","MAY 11, 2015",https://www.consumerfinance.gov/policy-compliance/enforcement/actions/nationwide-biweekly-administration/
159,"International Land Consultants, Inc., Rocco Toscano, Joseph Mazzucco, James Vincent, and James Tague","MAY 01, 2015",https://www.consumerfinance.gov/policy-compliance/enforcement/actions/international-land-consultants/
160,"Genuine Title, LLC; Brandon Glickstein; Gary Klopp; Adam Mandelberg; William J. Peterson, III; Angela Pobletts; Jay Zukerberg; All County Settlements, LLC; BTS Management and Consulting, LLC; Carroll Abstracts, Inc.; MARC, LLC; Mortgage Services, LLC; and","APR 29, 2015",https://www.consumerfinance.gov/policy-compliance/enforcement/actions/genuine-title-2/
161,Regions Bank,"APR 28, 2015",https://www.consumerfinance.gov/policy-compliance/enforcement/actions/regions-bank/
162,"Green Tree Servicing, LLC","APR 21, 2015",https://www.consumerfinance.gov/policy-compliance/enforcement/actions/green-tree-servicing-llc/
163,"Fort Knox National Company and Military Assistance Company, LLC.","APR 20, 2015",https://www.consumerfinance.gov/policy-compliance/enforcement/actions/military-assistance-company/
164,"S/W Tax Loans, Inc. formerly d/b/a Fast Refund Loans, Inc.; J Thomas Development of NM, Inc. formerly d/b/a H&R Block; Dennis R. Gonzales; and Jeffrey Scott Thomas","APR 14, 2015",https://www.consumerfinance.gov/policy-compliance/enforcement/actions/sw-tax-loans-navajo-nation/
165,R M K Financial Corporation d/b/a Majestic Home Loans,"APR 09, 2015",https://www.consumerfinance.gov/policy-compliance/enforcement/actions/rmk-financial-corporation/
166,"National Corrective Group, Inc. (NCG), American Justice Solutions, Inc. d/b/a Corrective Solutions, et al.","MAR 30, 2015",https://www.consumerfinance.gov/policy-compliance/enforcement/actions/national-corrective-group/
167,"Universal Debt Payment Solutions, LLC, Universal Debt Solutions, LLC, WNY Account Solutions, LLC et al.","MAR 26, 2015",https://www.consumerfinance.gov/policy-compliance/enforcement/actions/lrs-litigation-services/
168,"American Preferred Lending, Inc.","FEB 12, 2015",https://www.consumerfinance.gov/policy-compliance/enforcement/actions/american-preferred/
169,"Flagship Financial Group, LLC","FEB 12, 2015",https://www.consumerfinance.gov/policy-compliance/enforcement/actions/flagship-financial/
170,"All Financial Services, LLC","FEB 12, 2015",https://www.consumerfinance.gov/policy-compliance/enforcement/actions/all-financial-services/
171,"NewDay Financial, LLC","FEB 10, 2015",https://www.consumerfinance.gov/policy-compliance/enforcement/actions/newday-financial/
172,"Continental Finance Company, LLC","FEB 04, 2015",https://www.consumerfinance.gov/policy-compliance/enforcement/actions/continental-finance-company/
173,"JPMorgan Chase Bank, N.A.","JAN 22, 2015",https://www.consumerfinance.gov/policy-compliance/enforcement/actions/genuine-title-jp-morgan/
174,"Wells Fargo Bank, N.A.","JAN 22, 2015",https://www.consumerfinance.gov/policy-compliance/enforcement/actions/genuine-title-wells-fargo/
175,"Wells Fargo Bank, N.A., JPMorgan Chase Bank, N.A., Elaine Oliphant Cohen, and Todd Cohen","JAN 22, 2015",https://www.consumerfinance.gov/policy-compliance/enforcement/actions/genuine-title/
176,"Freedom Stores, Inc., Freedom Acceptance Corporation, Military Credit Services LLC, John F.  Melley, and Leonard B. Melley, Jr.","DEC 18, 2014",https://www.consumerfinance.gov/policy-compliance/enforcement/actions/freedom-furniture/
177,"Union Workers Credit Services, Inc.","DEC 17, 2014",https://www.consumerfinance.gov/policy-compliance/enforcement/actions/union-workers-credit-services/
178,Sprint Corporation,"DEC 17, 2014",https://www.consumerfinance.gov/policy-compliance/enforcement/actions/sprint/
179,Sprint Corporation,"DEC 17, 2014",https://www.consumerfinance.gov/policy-compliance/enforcement/actions/sprint-2/
180,College Education Services; Marcia Elena Vargas; and Frank Liz,"DEC 11, 2014",https://www.consumerfinance.gov/policy-compliance/enforcement/actions/college-education-services-marcia-elena-vargas-and-frank-liz/
181,"Student Loan Processing.US, and James Krause","DEC 11, 2014",https://www.consumerfinance.gov/policy-compliance/enforcement/actions/irvinewebworks-student-loan-processing/
182,"DriveTime Automotive Group, Inc. and DT Acceptance Corp","NOV 19, 2014",https://www.consumerfinance.gov/policy-compliance/enforcement/actions/drivetime/
183,Franklin Loan Corporation,"NOV 13, 2014",https://www.consumerfinance.gov/policy-compliance/enforcement/actions/franklin-loan-corporation/
184,Manufacturers and Traders Trust Company,"OCT 09, 2014",https://www.consumerfinance.gov/policy-compliance/enforcement/actions/mt-bank/
185,"Lighthouse Title, Inc.","SEP 30, 2014",https://www.consumerfinance.gov/policy-compliance/enforcement/actions/lighthouse-title/
186,"Flagstar Bank, F.S.B.","SEP 29, 2014",https://www.consumerfinance.gov/policy-compliance/enforcement/actions/flagstar/
187,U.S. Bank National Association,"SEP 25, 2014",https://www.consumerfinance.gov/policy-compliance/enforcement/actions/us-bank/
188,"Corinthian Colleges, Inc. d/b/a Everest College, WyoTech, and Heald College","SEP 16, 2014",https://www.consumerfinance.gov/policy-compliance/enforcement/actions/corinthian-colleges/
189,"SSM Group, Hydra Financial Limited Fund, CMG Group, LLC, DJR Group, LLC, BCD Group, LLC, et al.","SEP 08, 2014",https://www.consumerfinance.gov/policy-compliance/enforcement/actions/ssmhydra-group/
190,"Global Client Solutions, LLC, Global Holdings LLC, Robert Merrick, and Michael Hendrix","AUG 25, 2014",https://www.consumerfinance.gov/policy-compliance/enforcement/actions/global-client-solutions/
191,First Investors Financial Services Group Inc.,"AUG 20, 2014",https://www.consumerfinance.gov/policy-compliance/enforcement/actions/first-investors-financial-services/
192,"USA Discounters, Ltd.","AUG 14, 2014",https://www.consumerfinance.gov/policy-compliance/enforcement/actions/usa-discounters-ltd/
193,"Amerisave Mortgage Corp., Novo Appraisal Management Co., and Patrick Markert","AUG 12, 2014",https://www.consumerfinance.gov/policy-compliance/enforcement/actions/amerisave-mortgage-novo-appraisal-patrick-markert/
194,"Colfax Capital Corporation, Culver Capital, LLC, Ronald Wilson, and William Collins","JUL 29, 2014",https://www.consumerfinance.gov/policy-compliance/enforcement/actions/colfax-capital-corporation-culver-capital-llc-ronald-wilson-william-collins/
195,"Stephen Lyster Siringoringo also d/b/a Siringoringo Law Firm, Clausen & Cobb Management Company, Inc., and Joshua Cobb","JUL 22, 2014",https://www.consumerfinance.gov/policy-compliance/enforcement/actions/stephen-siringoringo-alfred-clausen-joshua-cobb-and-corporation-clausen-and-cobb-man/
196,"Mortgage Law Group and Consumer First Legal Group d/b/a Law Firm of Macey, Aleman & Searns, Consumer First Legal Group LLC, Thomas G. Macey, Jeffrey J. Aleman, Jason Searns, Harold E. Stafford","JUL 22, 2014",https://www.consumerfinance.gov/policy-compliance/enforcement/actions/mortgage-law-group-and-consumer-first-legal-group-dba-law-firm-of-macey-aleman-and-seams-consumer-first-legal-group-llc-thomas-g-macey-jeffrey-j-aleman-jason-searns-harold-e-stafford/
197,"Frederick J. Hanna & Associates, P.C., Frederick J. Hanna, Joseph C. Cooling, and Robert A. Winter","JUL 14, 2014",https://www.consumerfinance.gov/policy-compliance/enforcement/actions/frederick-hanna-associates/
198,"Michael Harper, Ben Wilcox, Marc Hoffman et al.","JUL 14, 2014",https://www.consumerfinance.gov/policy-compliance/enforcement/actions/residential-litigation-group-aka-hoffman-law/
199,"ACE Cash Express, Inc.","JUL 10, 2014",https://www.consumerfinance.gov/policy-compliance/enforcement/actions/ace-cash-express/
200,"Synchrony Bank, f/k/a GE Capital Retail Bank","JUN 19, 2014",https://www.consumerfinance.gov/policy-compliance/enforcement/actions/synchrony-bank-fka-ge-capital-retail-bank/
201,"SunTrust Mortgage, Inc.","JUN 17, 2014",https://www.consumerfinance.gov/policy-compliance/enforcement/actions/suntrust-mortgage-inc/
202,"Stonebridge Title Services, Inc.","JUN 12, 2014",https://www.consumerfinance.gov/policy-compliance/enforcement/actions/stonebridge-title-services/
203,"JRHBW Realty, Inc., d/b/a RealtySouth;  TitleSouth, LLC","MAY 28, 2014",https://www.consumerfinance.gov/policy-compliance/enforcement/actions/jrhbw-realty-inc-dba-realtysouth-titlesouth-llc/
204,"Bank of America, N.A. and FIA Card Services, N.A.","APR 09, 2014",https://www.consumerfinance.gov/policy-compliance/enforcement/actions/bank-america-fia-card-services/
205,"ITT Educational Services, Inc.","FEB 26, 2014",https://www.consumerfinance.gov/policy-compliance/enforcement/actions/itt-educational-services-inc/
206,"1st Alliance Lending, LLC (First Alliance)","FEB 24, 2014",https://www.consumerfinance.gov/policy-compliance/enforcement/actions/1st-alliance-lending/
207,"PHH Corporation, PHH Mortgage Corporation, PHH Home Loans, LLC, Atrium Insurance Corporation, and Atrium Reinsurance Corporation","JAN 29, 2014",https://www.consumerfinance.gov/policy-compliance/enforcement/actions/phh-corporation/
208,Fidelity Mortgage Corporation and Mark Figert,"JAN 16, 2014",https://www.consumerfinance.gov/policy-compliance/enforcement/actions/fidelity-mortgage-corporation-mark-figert/
209,American Express Centurion Bank,"DEC 24, 2013",https://www.consumerfinance.gov/policy-compliance/enforcement/actions/american-express-centurion-bank-2/
210,"American Express Travel Related Services Company, Inc.","DEC 24, 2013",https://www.consumerfinance.gov/policy-compliance/enforcement/actions/american-express-travel-related-services-company/
211,"American Express Bank, FSB","DEC 24, 2013",https://www.consumerfinance.gov/policy-compliance/enforcement/actions/american-express-bank-fsb-2/
212,National City Bank,"DEC 23, 2013",https://www.consumerfinance.gov/policy-compliance/enforcement/actions/national-city-bank-natcity-through-successor-in-interest-pnc/
213,Ally Financial Inc. and Ally Bank,"DEC 20, 2013",https://www.consumerfinance.gov/policy-compliance/enforcement/actions/ally-financial-ally-bank/
214,"Ocwen Financial Corp. and Ocwen Loan Servicing, LLC","DEC 19, 2013",https://www.consumerfinance.gov/policy-compliance/enforcement/actions/ocwen-financial-corp-and-ocwen-loan-servicing-llc/
215,"CashCall, Inc., WS Funding, LLC, Delbert Services Corporation, and J. Paul Reddam","DEC 16, 2013",https://www.consumerfinance.gov/policy-compliance/enforcement/actions/cashcall-inc-ws-funding-and-delbert-services/
216,GE Capital Retail Bank and CareCredit LLC,"DEC 10, 2013",https://www.consumerfinance.gov/policy-compliance/enforcement/actions/ge-capital-retail-bank-carecredit/
217,"3D Resorts-Bluegrass, LLC (Green Farm)","DEC 03, 2013",https://www.consumerfinance.gov/policy-compliance/enforcement/actions/3d-resorts-bluegrass/
218,"Cash America International, Inc.","NOV 20, 2013",https://www.consumerfinance.gov/policy-compliance/enforcement/actions/cash-america-international/
219,"Borders & Borders, PLC; Harry Borders; John Borders, Jr.; and J. David Borders","OCT 24, 2013",https://www.consumerfinance.gov/policy-compliance/enforcement/actions/borders-and-borders-plc-harry-borders-john-borders-jr-j-david-borders/
220,Washington Federal,"OCT 09, 2013",https://www.consumerfinance.gov/policy-compliance/enforcement/actions/washington-federal/
221,"Mortgage Master, Inc.","OCT 09, 2013",https://www.consumerfinance.gov/policy-compliance/enforcement/actions/mortgage-master-inc/
222,Meracord LLC and Linda Remsberg,"OCT 03, 2013",https://www.consumerfinance.gov/policy-compliance/enforcement/actions/meracord-llc-linda-remsberg/
223,"JPMorgan Chase Bank, N.A.; and Chase Bank USA, N.A.","SEP 09, 2013",https://www.consumerfinance.gov/policy-compliance/enforcement/actions/jpmorgan-chase-bank-usa/
224,"Morgan Drexen, Inc. and Walter Ledda","AUG 20, 2013",https://www.consumerfinance.gov/policy-compliance/enforcement/actions/morgan-drexen-inc-walter-ledda/
225,"Castle & Cooke Mortgage, LLC; Matthew A. Pineda, individually; and Buck L. Hawkins","JUL 23, 2013",https://www.consumerfinance.gov/policy-compliance/enforcement/actions/castle-cooke-mortgage/
226,"Dealers’ Financial Services, LLC","JUN 26, 2013",https://www.consumerfinance.gov/policy-compliance/enforcement/actions/dealers-financial-services-llc/
227,U.S. Bank National Association,"JUN 26, 2013",https://www.consumerfinance.gov/policy-compliance/enforcement/actions/dealers-financial-services/
228,"American Debt Settlement Solutions, Inc.,and Michael DiPanni","MAY 30, 2013",https://www.consumerfinance.gov/policy-compliance/enforcement/actions/american-debt-settlement-solutions-inc-michael-depanni/
229,"Paul Taylor, Paul Taylor Homes Limited, and Paul Taylor Corp","MAY 17, 2013",https://www.consumerfinance.gov/policy-compliance/enforcement/actions/paul-taylor-paul-taylor-homes-limited-paul-taylor-corp/
230,Premier Consulting Group LLC and Law Office of Michael Lupolover,"MAY 07, 2013",https://www.consumerfinance.gov/policy-compliance/enforcement/actions/premier-consulting-group-llc-and-law-office-michael-lupolover/
231,Mortgage Guaranty Insurance Corporation,"APR 04, 2013",https://www.consumerfinance.gov/policy-compliance/enforcement/actions/mortgage-guaranty-insurance-corporation/
232,Genworth Mortgage Insurance Corporation,"APR 04, 2013",https://www.consumerfinance.gov/policy-compliance/enforcement/actions/genworth-mortgage-insurance-corporation/
233,"Radian Guaranty, Inc.","APR 04, 2013",https://www.consumerfinance.gov/policy-compliance/enforcement/actions/radian-guaranty-inc/
234,United Guaranty Corporation,"APR 04, 2013",https://www.consumerfinance.gov/policy-compliance/enforcement/actions/united-guaranty-corporation/
235,"Payday Loan Debt Solution, Inc., and Sanjeet Parvani","DEC 14, 2012",https://www.consumerfinance.gov/policy-compliance/enforcement/actions/payday-loan-debt-solution/
236,"Najia Jalan, National Legal Help Center, Inc., and Richard K. Nelson","DEC 03, 2012",https://www.consumerfinance.gov/policy-compliance/enforcement/actions/national-legal-help-center/
237,American Express Centurion Bank,"OCT 01, 2012",https://www.consumerfinance.gov/policy-compliance/enforcement/actions/american-express-centurion-bank/
238,"American Express Bank, FSB","OCT 01, 2012",https://www.consumerfinance.gov/policy-compliance/enforcement/actions/american-express-bank-fsb/
239,"American Express Travel Related Services Company, Inc.","OCT 01, 2012",https://www.consumerfinance.gov/policy-compliance/enforcement/actions/american-express-travel-related-services/
240,Discover Bank,"SEP 24, 2012",https://www.consumerfinance.gov/policy-compliance/enforcement/actions/discover-bank/
241,Capital One Bank,"JUL 18, 2012",https://www.consumerfinance.gov/policy-compliance/enforcement/actions/capital-one-bank/
242,"Chance Edward Gordon d/b/a Gordon & Associates, Abraham Michael Pessar et al.","JUL 18, 2012",https://www.consumerfinance.gov/policy-compliance/enforcement/actions/chance-edward-gordon-dba-gordon-associates/
